{
  "$schema": "https://raw.githubusercontent.com/grafana/grafana/master/docs/sources/developers/plugins/plugin.schema.json",
  "type": "panel",
  "name": "Comparison Panel",
  "id": "im-comparison-panel",
  "info": {
    "description": "",
    "author": {
      "name": "Integration Matters",
      "url": "https://www.integrationmatters.com/"
    },
    "keywords": [
      "flows",
      "comparison"
    ],
    "logos": {
      "small": "assets/images/logo.svg",
      "large": "assets/images/logo.svg"
    },
    "links": [],
    "screenshots": [],
    "version": "1.0.0",
    "updated": "2021-06-22"
  },
  "dependencies": {
    "grafanaDependency": ">=7.0.0",
    "plugins": []
  }
}
